Page Number,School Name,Address 1,Address 2,City,State,Zip,Phone,Principal Name,School Website,District,Grades Served,Data Quality Score,Data Quality Issues
1,21ST CENTURY EARLY LEARNING FOUNDATIONS ACADEMY,"400 S Oklahoma Ave, Weslaco, TX 78596",400 S Oklahoma Ave,Weslaco,TX,78596,(956) 969-6620,Claudia Martinez,http://www.wisd.us/,Weslaco ISD,Prekindergarten - Prekindergarten,100,
1,A B DUNCAN COLLEGIATE ELEM,"1101 S 8th St, Floydada, TX 79235",1101 S 8th St,Floydada,TX,79235,(806) 983-5332,Mrs Monica Smith,http://www.floydadaisd.esc17.net/,Floydada Collegiate ISD,Early Education - Grade 5,100,
1,A B MCBAY ELEM,"1000 N Ross, Mexia, TX 76667",1000 N Ross,Mexia,TX,76667,(254) 562-4030,Mrs Carolyn Cummings,http://www.mexiaisd.net/,Mexia ISD,Early Education - Grade 2,100,
1,A G ELDER ELEM,"513 Henderson St, Joshua, TX 76058",513 Henderson St,Joshua,TX,76058,(817) 202-2500,Mrs Kim Cassidy,http://www.joshuaisd.org/,Joshua ISD,Early Education - Grade 5,100,
1,A M OCHOA ELEM,"424 S 11th St, Donna, TX 78537",424 S 11th St,Donna,TX,78537,(956) 464-1900,Mr Alfonso Sayavedra,http://www.donnaisd.net/,Donna ISD,Prekindergarten - Grade 5,100,
1,A M PATE ELEM,"3800 Anglin Dr, Fort Worth, TX 76119",3800 Anglin Dr,Fort Worth,TX,76119,(817) 815-3800,Ms Rochelle Horton,http://www.fortworthisd.org/,Fort Worth ISD,Prekindergarten - Grade 5,100,
1,A N RICO ELEM,"2202 N International Blvd, Weslaco, TX 78596",2202 N International Blvd,Weslaco,TX,78596,(956) 969-6815,Ms Jennifer Luna,http://rico.wisd.us/,Weslaco ISD,Prekindergarten - Grade 5,100,
1,A P BEUTEL ELEM,"300 Ligustrum St, Lake Jackson, TX 77566",300 Ligustrum St,Lake Jackson,TX,77566,(979) 730-7165,Laura Morris,Not Found,Brazosport ISD,Kindergarten - Grade 4,90,School Website not available
1,A V CATO ELEM,"4501 Barbara Rd, Fort Worth, TX 76114",4501 Barbara Rd,Fort Worth,TX,76114,(817) 252-2400,Mrs Meredith Michelle Strambler,http://avc.castleberryisd.net/,Castleberry ISD,Prekindergarten - Grade 5,100,
1,A+ ACADEMY ELEM,"10327 Rylie Rd, Dallas, TX 75217",10327 Rylie Rd,Dallas,TX,75217,(972) 557-5578,Michelle Thrash,http://www.rylieffa.com/,A+ Academy,Prekindergarten - Grade 6,100,
1,AARON PARKER ELEM,"98 CR 44112, Powderly, TX 75473",98 CR 44112,Powderly,TX,75473,(903) 732-3066,Mrs Kristin Hughes,http://www.northlamar.net/,North Lamar ISD,Prekindergarten - Grade 4,100,
1,ABBETT ELEM,"730 W Muirfield Rd, Garland, TX 75044",730 W Muirfield Rd,Garland,TX,75044,(972) 675-3000,Ms Kelly Williams,http://www.garlandisdschools.net/abbett,Garland ISD,Kindergarten - Grade 5,100,
1,ABBOTT SCHOOL,"219 S First St, Abbott, TX 76621",219 S First St,Abbott,TX,76621,(254) 582-3011,Jon K Coker,http://www.abbottisd.org/,Abbott ISD,Prekindergarten - Grade 12,100,
1,ABERNATHY ELEM,"505 7th St, Abernathy, TX 79311",505 7th St,Abernathy,TX,79311,(806) 298-4930,Jenci Chambers,http://www.abernathyisd.com/,Abernathy ISD,Early Education - Grade 5,100,
1,ACADEMY EARLY CHILDHOOD CENTER,"311 N Bumblebee Dr, Little River, TX 76554",311 N Bumblebee Dr,Little River,TX,76554,(254) 982-4621,Mrs Kelli Schwake,http://www.academyisd.net/,Academy ISD,Prekindergarten - Grade 2,100,
2,ACADEMY AT CARRIE F THOMAS,"8200 O'brian Way, North Richland Hills, TX 76180",8200 O'brian Way,North Richland Hills,TX,76180,(817) 547-3000,Dr Sabrina Lindsey,http://www.birdvilleschools.net/,Birdville ISD,Prekindergarten - Grade 5,100,
2,ACADEMY AT NOLA DUNN,"201 S Dobson St, Burleson, TX 76028",201 S Dobson St,Burleson,TX,76028,(817) 245-3300,Mr Michael Utterback,http://academy.burlesonisd.net/,Burleson ISD,Kindergarten - Grade 5,100,
2,ACADEMY OF DALLAS,"2324 S Vernon Ave, Dallas, TX 75224",2324 S Vernon Ave,Dallas,TX,75224,(214) 371-9600,Ronny Young,http://academyofdallas.com/,Academy of Dallas,Prekindergarten - Grade 8,100,
2,ACCELERATED INTERDISCIPLINARY ACAD,"12825 Summit Rdg Dr, Houston, TX 77085",12825 Summit Rdg Dr,Houston,TX,77085,(713) 728-9330,Drechelle Edwards,http://www.aiacharterschools.org/,Accelerated Intermediate Academy,Prekindergarten - Grade 6,100,
2,ACHZIGER ELEM,"3300 Ridgeranch Rd, Mesquite, TX 75181",3300 Ridgeranch Rd,Mesquite,TX,75181,(972) 290-4180,Mrs Robin Cathcart,http://www.mesquiteisd.org/,Mesquite ISD,Early Education - Grade 5,100,
2,ACTON ELEM,"3200 Acton Rd, Granbury, TX 76049",3200 Acton Rd,Granbury,TX,76049,(817) 408-4200,Mrs Maggie Walton,http://www.granburyisd.org/,Granbury ISD,Kindergarten - Grade 5,100,
2,ADA MAE FAUBION ELEM,"1209 Cypress Creek Rd, Cedar Park, TX 78613",1209 Cypress Creek Rd,Cedar Park,TX,78613,(512) 570-7500,Staci Cordell,Not Found,Leander ISD,Early Education - Grade 5,90,School Website not available
2,ADAM ELEM,"11303 Honeygrove Ln, Houston, TX 77065",11303 Honeygrove Ln,Houston,TX,77065,(281) 897-4485,Ms Carrie Mccollister,http://www.cfisd.net/,Cypress-Fairbanks ISD,Early Education - Grade 5,100,
2,ADAMS ELEM,"1492 Is Grove Rd, Cleburne, TX 76031",1492 Is Grove Rd,Cleburne,TX,76031,(817) 202-2000,Brandi Geltmeier,http://c-isd.com/,Cleburne ISD,Prekindergarten - Grade 5,100,
2,ADAMS ELEM,"2220 Sherry St, Arlington, TX 76010",2220 Sherry St,Arlington,TX,76010,(682) 867-2130,Nathan Tave,http://www.aisd.net/adams-elementary,Arlington ISD,Early Education - Grade 6,100,
2,ADAMS HILL ELEM,"9627 Adams Hill Dr, San Antonio, TX 78245",9627 Adams Hill Dr,San Antonio,TX,78245,(210) 397-1400,Ms Annette Castillo-Robinson,http://nisd.net/,Northside ISD,Prekindergarten - Grade 5,100,
2,ADELFA BOTELLO CALLEJO ELEM,"7817 Military Pkwy, Dallas, TX 75227",7817 Military Pkwy,Dallas,TX,75227,(972) 749-5700,Christie L Samuel,http://www.dallasisd.org/callejo,Dallas ISD,Prekindergarten - Grade 5,100,
2,ADELLE TURNER ELEM,"5505 S Polk St, Dallas, TX 75232",5505 S Polk St,Dallas,TX,75232,(972) 794-6300,Michael D Nickson,http://www.dallasisd.org/turner,Dallas ISD,Prekindergarten - Grade 5,100,
2,ADRIAN SCHOOL,"301 Matador Dr, Adrian, TX 79001",301 Matador Dr,Adrian,TX,79001,(806) 538-6203,Dawn Brooks,http://adrianisd.net/,Adrian ISD,Prekindergarten - Grade 12,100,
2,ADVANCED LEARNING ACADEMY,"621 W Euclid, San Antonio, TX 78212",621 W Euclid,San Antonio,TX,78212,(210) 738-9763,Emily K Bieser,http://schools.saisd.net/page/026.homepage,San Antonio ISD,Prekindergarten - Grade 12,100,
3,ADVANTAGE ACADEMY,"955 Freetown Rd, Grand Prairie, TX 75051",955 Freetown Rd,Grand Prairie,TX,75051,(214) 276-5800,Tonya Williams,http://www.advantageacademy.org/,Advantage Academy,Prekindergarten - Grade 12,100,
3,AGNES COTTON ACADEMY,"1616 Blanco Rd, San Antonio, TX 78212",1616 Blanco Rd,San Antonio,TX,78212,(210) 738-9780,Rawan Hammoudeh,http://schools.saisd.net/page/117.homepage,San Antonio ISD,Prekindergarten - Grade 8,100,
3,AGUA DULCE ELEM,"1 Longhorn Dr, Agua Dulce, TX 78330",1 Longhorn Dr,Agua Dulce,TX,78330,(361) 998-2335,Nora Lopez,http://www.adisd.net/,Agua Dulce ISD,Prekindergarten - Grade 5,100,
3,AIDA C ESCOBAR ELEM,"901 W Kelly St, Pharr, TX 78577",901 W Kelly St,Pharr,TX,78577,(956) 354-2920,Catarina Espinoza,http://www.psjaisd.us/,Pharr-San Juan-Alamo ISD,Prekindergarten - Grade 5,100,
3,AIKEN ELEM,"6290 Southmost Rd, Brownsville, TX 78521",6290 Southmost Rd,Brownsville,TX,78521,(956) 986-5200,Deyanira Garcia,http://www.bisd.us/aiken/,Brownsville ISD,Prekindergarten - Grade 5,100,
3,AIKIN ELEM,"12300 Pleasant Vly Dr, Dallas, TX 75243",12300 Pleasant Vly Dr,Dallas,TX,75243,(469) 593-1820,Allison Congdon,http://risd.org/,Richardson ISD,Prekindergarten - Grade 6,100,
3,AIKIN ELEM,"3100 Pine Mill Rd, Paris, TX 75460",3100 Pine Mill Rd,Paris,TX,75460,(903) 737-7443,Mrs Kimberly Donnan,http://aes.parisisd.net/,Paris ISD,Kindergarten - Grade 4,100,
3,AIKMAN ELEM,"900 Ave K, Hereford, TX 79045",900 Ave K,Hereford,TX,79045,(806) 363-7640,Mrs Sandra Maldonado,http://www.herefordisd.net/,Hereford ISD,Kindergarten - Grade 5,100,
3,AIRPORT ELEM,"410 N Airport Dr, Weslaco, TX 78596",410 N Airport Dr,Weslaco,TX,78596,(956) 969-6770,Ms Ida Cuadra,http://airport.wisd.us/,Weslaco ISD,Prekindergarten - Grade 5,100,
3,AKIN ELEM,"N Ave K, Hale Center, TX 79041",N Ave K,Hale Center,TX,79041,(806) 839-2121,Sherri Locke,http://www.hcisdowls.net/,Hale Center ISD,Prekindergarten - Grade 4,100,
3,ALAMO ELEM,"6100 N Main, Baytown, TX 77521",6100 N Main,Baytown,TX,77521,(281) 420-4595,Leah Abbate,Not Found,Goose Creek CISD,Prekindergarten - Grade 5,90,School Website not available
3,ALBA-GOLDEN ELEM,"1373 CR 2377, Alba, TX 75410",1373 CR 2377,Alba,TX,75410,(903) 768-2472,Mr Chris Massey,http://www.agisd.com/,Alba-Golden ISD,Early Education - Grade 5,100,
3,ALBERT & IOLA LEE DAVIS MALVERN ELEM,"1100 Eldorado Pkwy, McKinney, TX 75069",1100 Eldorado Pkwy,McKinney,TX,75069,(469) 302-5300,Rhonda Gilliam,Not Found,McKinney ISD,Kindergarten - Grade 5,90,School Website not available
3,ALBERTO AND CELIA BARRERA ELEM,"1400 N Lopez St, Rio Grande City, TX 78582",1400 N Lopez St,Rio Grande City,TX,78582,(956) 716-6917,Mr Miguel David Guerrero,http://www.rgccisd.org/,Rio Grande City Grulla ISD,Prekindergarten - Grade 5,100,
3,ALCORTA ELEM,"2650 S 32nd St, Abilene, TX 79605",2650 S 32nd St,Abilene,TX,79605,(325) 690-3602,Michele Josselet,http://www.abileneisd.org/,Abilene ISD,Kindergarten - Grade 5,100,
4,ALCOTT ELEM,"5859 Bellfort, Houston, TX 77033",5859 Bellfort,Houston,TX,77033,(713) 732-3540,Ms Kim J Williams,http://www.houstonisd.org/,Houston ISD,Prekindergarten - Grade 5,100,
4,ALDERSON ELEM,"219 Walnut Ave, Lubbock, TX 79403",219 Walnut Ave,Lubbock,TX,79403,(806) 219-8000,Drue Coleman,Not Found,Lubbock ISD,Prekindergarten - Grade 5,90,School Website not available
4,ALDRIDGE ELEM,"720 Pleasant Valley Ln, Richardson, TX 75080",720 Pleasant Valley Ln,Richardson,TX,75080,(469) 752-0000,Ms Antreshawn Buhl,http://www.pisd.edu/,Plano ISD,Kindergarten - Grade 5,100,
4,ALEX SANGER PREPARATORY SCHOOL,"8410 San Leandro Dr, Dallas, TX 75218",8410 San Leandro Dr,Dallas,TX,75218,(972) 749-7600,Hector Martinez,http://www.dallasisd.org/sanger,Dallas ISD,Prekindergarten - Grade 8,100,
4,ALEXANDER ELEM,"8500 Brookwulf, Houston, TX 77099",8500 Brookwulf,Houston,TX,77099,(281) 983-8300,Ms Kathleen Difelice,http://www.aliefisd.net/,Alief ISD,Early Education - Grade 4,100,
4,ALFONSO RAMIREZ ELEM,"1700 W Alberta Rd, Edinburg, TX 78539",1700 W Alberta Rd,Edinburg,TX,78539,(956) 289-2425,Ms Priscilla Trigo,Not Found,Edinburg CISD,Prekindergarten - Grade 5,90,School Website not available
4,ALFRED SORENSEN ELEM,"701 E Sam Houston, San Juan, TX 78589",701 E Sam Houston,San Juan,TX,78589,(956) 354-2910,Giselle Martinez,http://psjaisd.us/,Pharr-San Juan-Alamo ISD,Prekindergarten - Grade 5,100,
4,ALICE CARLSON APPLIED LRN CTR,"3320 W Cantey St, Fort Worth, TX 76109",3320 W Cantey St,Fort Worth,TX,76109,(817) 815-5700,Ms Elizabeth Kelz,http://www.fortworthisd.org/,Fort Worth ISD,Kindergarten - Grade 5,100,
4,ALICE D CONTRERAS,"4100 Lubbock Ave, Fort Worth, TX 76115",4100 Lubbock Ave,Fort Worth,TX,76115,(817) 814-7800,Amelia Cortes Rangel,http://www.fortworthisd.org/,Fort Worth ISD,Prekindergarten - Grade 5,100,
4,ALICE MOORE ALEXANDER,"800 Mack Pl, Denton, TX 76209",800 Mack Pl,Denton,TX,76209,(940) 369-3500,Miss Lindsay Henderson,Not Found,Denton ISD,Prekindergarten - Grade 5,90,School Website not available
4,ALICE PONDER ELEM,"101 Pleasant Ridge Dr, Mansfield, TX 76063",101 Pleasant Ridge Dr,Mansfield,TX,76063,(817) 299-7700,Mr David Thayer,http://ponder.mansfieldisd.org/,Mansfield ISD,Early Education - Grade 4,100,
4,ALICE W DOUSE ELEM,"700 Rebecca Lynn Ln, Killeen, TX 76542",700 Rebecca Lynn Ln,Killeen,TX,76542,(254) 336-7480,Ms Stephanie Ford,http://www.killeenisd.org/,Killeen ISD,Prekindergarten - Grade 5,100,
4,ALICIA R CHACON INTERNATIONAL,"920 Burgundy Dr, El Paso, TX 79907",920 Burgundy Dr,El Paso,TX,79907,(915) 434-9200,Ms Candice Arispe,http://aliciachacon.yisd.net/,Ysleta ISD,Kindergarten - Grade 8,100,
4,ALIEF MONTESSORI COMMUNITY SCHOOL,"12013 6th St, Houston, TX 77072",12013 6th St,Houston,TX,77072,(281) 530-9406,Delia Presillas,http://amcsmontessori.org/,Alief Montessori Community School,Prekindergarten - Grade 8,100,
4,ALKEK ELEM,"1798 Hwy 173 S, Bandera, TX 78003",1798 Hwy 173 S,Bandera,TX,78003,(830) 460-3900,Ms Dixie Moseley,http://banderaisd.net/,Bandera ISD,Early Education - Grade 5,100,
5,ALLEN & WILLIAM ARNOLD ELEM,"615 W El Dora Rd, Pharr, TX 78577",615 W El Dora Rd,Pharr,TX,78577,(956) 354-2710,Pedro Trevino,http://psjaisd.us/,Pharr-San Juan-Alamo ISD,Prekindergarten - Grade 5,100,
5,ALLEN ELEM,"101 Dumont Dr, San Antonio, TX 78227",101 Dumont Dr,San Antonio,TX,78227,(210) 397-0800,Ms Erika Zagala,http://nisd.net/,Northside ISD,Early Education - Grade 5,100,
5,ALLEN ELEM,"5800 Legacy Dr, Frisco, TX 75034",5800 Legacy Dr,Frisco,TX,75034,(469) 633-3800,Ms Michele Lott,http://www.friscoisd.org/,Frisco ISD,Kindergarten - Grade 5,100,
5,ALLEN ELEM,"1414 18th St, Corpus Christi, TX 78404",1414 18th St,Corpus Christi,TX,78404,(361) 878-2140,Ms Jennifer Allen-Perez,http://allen.ccisd.us/,Corpus Christi ISD,Prekindergarten - Grade 5,100,
5,ALLIENE MULLENDORE ELEM,"4100 Flory St, North Richland Hills, TX 76180",4100 Flory St,North Richland Hills,TX,76180,(817) 547-1900,Merritt Dobecka,http://www.birdvilleschools.net/,Birdville ISD,Early Education - Grade 5,100,
5,ALLISON ELEM,"515 Vargas Rd, Austin, TX 78741",515 Vargas Rd,Austin,TX,78741,(512) 414-2004,Ms Lupe Molina,http://www.austinisd.org/schools/allison,Austin ISD,Prekindergarten - Grade 5,100,
5,ALMA BREWER STRAWN ELEM,"9000 FM 1854, Dale, TX 78616",9000 FM 1854,Dale,TX,78616,(512) 398-0630,Benjamin Grijalva,Not Found,Lockhart ISD,Kindergarten - Grade 5,90,School Website not available
5,ALMEDA ELEM,"14249 Bridgeport Rd, Houston, TX 77047",14249 Bridgeport Rd,Houston,TX,77047,(713) 434-5620,Mr Ian Olmstead,http://www.houstonisd.org/,Houston ISD,Early Education - Grade 5,100,
5,ALOE ELEM,"62 Chaparral, Victoria, TX 77901",62 Chaparral,Victoria,TX,77901,(361) 788-9509,Mrs Kristina Hurley,Not Found,Victoria ISD,Prekindergarten - Grade 5,90,School Website not available
5,ALONSO S PERALES ELEM,"1507 Ceralvo St, San Antonio, TX 78237",1507 Ceralvo St,San Antonio,TX,78237,(210) 898-4260,Mr Jorge Medrano,http://www.eisd.net/,Edgewood ISD,Prekindergarten - Grade 5,100,
5,ALPINE ELEM,"200 E Ave A, Alpine, TX 79830",200 E Ave A,Alpine,TX,79830,(432) 837-7730,Mr Curtis Wubbena,http://www.alpine.esc18.net/,Alpine ISD,Prekindergarten - Grade 4,100,
5,ALTA LOMA ELEM,"1700 N Garfield St, San Angelo, TX 76901",1700 N Garfield St,San Angelo,TX,76901,(325) 947-3914,Lauri Herndon,http://altaloma.saisd.org/,San Angelo ISD,Early Education - Grade 5,100,
5,ALTA VISTA ELEM,"3637 Alta Vista Dr, Waco, TX 76706",3637 Alta Vista Dr,Waco,TX,76706,(254) 662-3050,Ms Lindsey Helton,http://altavista.wacoisd.org/cms/One.aspx,Waco ISD,Prekindergarten - Grade 5,100,
5,ALTO BONITO ELEM,"753 FM 2360, Rio Grande City, TX 78582",753 FM 2360,Rio Grande City,TX,78582,(956) 370-4238,Mrs Yvette Pena,Not Found,Rio Grande City Grulla ISD,Prekindergarten - Grade 5,90,School Website not available
5,ALTO ELEM,"236 CR 2429, Alto, TX 75925",236 CR 2429,Alto,TX,75925,(936) 858-7170,Mrs Candis Mabry,Not Found,Alto ISD,Prekindergarten - Grade 4,90,School Website not available
6,ALTON BOWEN ELEM,"3870 Copperfield Dr, Bryan, TX 77802",3870 Copperfield Dr,Bryan,TX,77802,(979) 209-1300,Mrs Kimberly Guess,http://bowen.bryanisd.org/,Bryan ISD,Early Education - Grade 4,100,
6,ALTON BOYD ELEM,"800 Jupiter Rd, Allen, TX 75002",800 Jupiter Rd,Allen,TX,75002,(972) 727-0560,Ms Roxxy Griffin,http://www.allenisd.org/web/Boyd_Elementary/Index.htm,Allen ISD,Kindergarten - Grade 6,100,
6,ALTON ELEM,"205 N Chicago, Alton, TX 78573",205 N Chicago,Alton,TX,78573,(956) 323-7600,Mrs Blanca Lopez,Not Found,Mission CISD,Prekindergarten - Grade 5,90,School Website not available
6,ALTON ELEM,"1210 S Market St, Brenham, TX 77833",1210 S Market St,Brenham,TX,77833,(979) 277-3870,Mr Michael Ogg,Not Found,Brenham ISD,Kindergarten - Grade 4,90,School Website not available
6,ALVARADO ELEM-NORTH,"1500 N Cummings, Alvarado, TX 76009",1500 N Cummings,Alvarado,TX,76009,(817) 783-6863,Ms Kristi Payne,http://alvaradoisd.net/,Alvarado ISD,Early Education - Grade 2,100,
6,ALVARADO ELEM-SOUTH,"1000 E Davis, Alvarado, TX 76009",1000 E Davis,Alvarado,TX,76009,(817) 783-6880,Ms Jalynn Burnes,http://alvaradoisd.net/,Alvarado ISD,Prekindergarten - Grade 2,100,
6,ALVAREZ ELEM,"2606 Gumwood Ave, McAllen, TX 78501",2606 Gumwood Ave,McAllen,TX,78501,(956) 971-4471,Mrs Melissa Lara,http://alvarez.mcallenisd.org/,McAllen ISD,Prekindergarten - Grade 5,100,
6,ALVIN ELEM,"2200 Westpark Dr, Alvin, TX 77511",2200 Westpark Dr,Alvin,TX,77511,(281) 585-2511,Mrs Lori Gonzalez,http://www.alvinisd.net/Domain/9,Alvin ISD,Early Education - Grade 5,100,
6,ALVIS C STORY ELEM,"1550 Edelweiss Dr, Allen, TX 75002",1550 Edelweiss Dr,Allen,TX,75002,(972) 727-0570,Mrs Amanda Tabor,http://www.allenisd.org/web/Story_Elementary/Index.htm,Allen ISD,Kindergarten - Grade 6,100,
6,ALVORD ELEM,"711 W Stadium Dr, Alvord, TX 76225",711 W Stadium Dr,Alvord,TX,76225,(940) 427-2881,Jamie Mitchell,http://www.alvordisd.net/,Alvord ISD,Early Education - Grade 5,100,
6,AMANDA GARZA-PENA ELEM,"500 E FM 495, San Juan, TX 78589",500 E FM 495,San Juan,TX,78589,(956) 354-2800,Ms Judith Canales,http://psjaisd.us/,Pharr-San Juan-Alamo ISD,Prekindergarten - Grade 5,100,
6,AMANDA ROCHELL ELEM,"899 Rochell Ct, Rockwall, TX 75032",899 Rochell Ct,Rockwall,TX,75032,(972) 771-2112,Ms Lindy Lewis,http://www.rockwallisd.com/Domain/14,Rockwall ISD,Prekindergarten - Grade 6,100,
6,AMARILLO COLLEGIATE ACADEMY,"6000 S Georgia, Amarillo, TX 79119",6000 S Georgia,Amarillo,TX,79119,(806) 367-5447,Mr Michael Griffin,http://www.responsiveed.com/,Texas College Preparatory Academies,Kindergarten - Grade 12,100,
6,AMBASSADORS PREPARATORY ACADEMY,"5001 Ave U, Galveston, TX 77551",5001 Ave U,Galveston,TX,77551,(409) 762-1115,Rachelle Joseph-Beafneaux,http://www.apagalv.org/,Ambassadors Preparatory Academy,Prekindergarten - Grade 8,100,
6,AMELIA ELEM,"565 S Major Dr, Beaumont, TX 77707",565 S Major Dr,Beaumont,TX,77707,(409) 617-6000,Yvonne Dupoont,http://www.bmtisd.com/amelia,Beaumont ISD,Early Education - Grade 5,100,
7,AMHERST SCHOOL,"101 N Main St, Amherst, TX 79312",101 N Main St,Amherst,TX,79312,(806) 246-3221,Jose Gonzales,http://www.amherstisd.com/,Amherst ISD,Prekindergarten - Grade 12,100,
7,AMIGOS POR VIDA-FRIENDS FOR LIFE CHARTER SCHOOL,"5503 El Camino Del Rey, Houston, TX 77081",5503 El Camino Del Rey,Houston,TX,77081,(713) 349-9945,Mr Freddy Delgado,http://www.amigosporvida.com/,Amigos Por Vida-Friends for Life Pub Chtr Sch,Prekindergarten - Grade 8,100,
7,AMOS ELEM,"3100 Daniel Dr, Arlington, TX 76014",3100 Daniel Dr,Arlington,TX,76014,(682) 867-4700,Chelsea Broughton,http://www.aisd.net/amos-elementary,Arlington ISD,Prekindergarten - Grade 6,100,
7,AMPARO GUTIERREZ ELEM,"505 Calle Del Norte, Laredo, TX 78041",505 Calle Del Norte,Laredo,TX,78041,(956) 473-4400,Mrs Michelle Cantu,http://www.uisd.net/,United ISD,Early Education - Grade 5,100,
7,AMY PARKS-HEATH ELEM,"330 Laurence Dr, Heath, TX 75032",330 Laurence Dr,Heath,TX,75032,(972) 772-4300,Ms Amy Sparks,http://www.rockwallisd.com/Domain/15,Rockwall ISD,Kindergarten - Grade 6,100,
7,ANAHUAC ELEM,"906 Ross Sterling, Anahuac, TX 77514",906 Ross Sterling,Anahuac,TX,77514,(409) 267-2060,Latisha Fitzgerald-Powell,http://anahuacisd.net/,Anahuac ISD,Early Education - Grade 5,100,
7,ANDERSON ELEM,"2800 Oakland Hills Dr, Plano, TX 75025",2800 Oakland Hills Dr,Plano,TX,75025,(469) 633-2300,Ms Laura Del Hierro,http://www.friscoisd.org/,Frisco ISD,Kindergarten - Grade 5,100,
7,ANDERSON ELEM,"5727 Ludington Dr, Houston, TX 77035",5727 Ludington Dr,Houston,TX,77035,(713) 726-3600,Ms Erica Tran,http://www.houstonisd.org/,Houston ISD,Early Education - Grade 5,100,
7,ANDERSON ELEM,"6218 Lynngate Dr, Spring, TX 77373",6218 Lynngate Dr,Spring,TX,77373,(281) 891-8360,Ms Kristin Falcon,http://www.springisd.org/aes/,Spring ISD,Early Education - Grade 5,100,
7,ANDERSON ELEM,"1414 E Dallas, Conroe, TX 77301",1414 E Dallas,Conroe,TX,77301,(936) 709-5300,Ms Laura Quinones,http://www.conroeisd.net/,Conroe ISD,Early Education - Grade 4,100,
7,ANDERSON ELEM,"1101 Timberlake Dr, Arlington, TX 76010",1101 Timberlake Dr,Arlington,TX,76010,(682) 867-7750,Ms Angela Peragine,http://www.aisd.net/anderson-elementary,Arlington ISD,Early Education - Grade 6,100,
7,ANDERSON MILL ELEM,"10610 Salt Mill Hollow, Austin, TX 78750",10610 Salt Mill Hollow,Austin,TX,78750,(512) 428-3700,Amanda Molina,http://schools.roundrockisd.org/andersonmill/,Round Rock ISD,Prekindergarten - Grade 5,100,
7,ANDERSON-SHIRO ELEM,"458 FM 149 W, Anderson, TX 77830",458 FM 149 W,Anderson,TX,77830,(936) 873-4525,Mrs Stacey Zielonka,http://www.anderson-shirocisd.net/elementary.htm,Anderson-Shiro CISD,Prekindergarten - Grade 5,100,
7,ANDRE ELEM,"8111 Fry Rd, Cypress, TX 77433",8111 Fry Rd,Cypress,TX,77433,(281) 463-5500,Dr Carmen Lozano,http://www.cfisd.net/,Cypress-Fairbanks ISD,Early Education - Grade 5,100,
7,ANDREWS ELEM,"2520 Scenic Dr, Plano, TX 75025",2520 Scenic Dr,Plano,TX,75025,(469) 752-3900,Ms Joy Lovell,http://www.pisd.edu/,Plano ISD,Kindergarten - Grade 5,100,
8,ANDREWS ELEM,"4015 Moore Ave, Portland, TX 78374",4015 Moore Ave,Portland,TX,78374,(361) 777-4048,Mrs Analese Tennyson,http://www.g-pisd.org/,Gregory-Portland ISD,Prekindergarten - Grade 5,100,
8,ANDREWS ELEM,"6801 Northeast Dr, Austin, TX 78723",6801 Northeast Dr,Austin,TX,78723,(512) 414-1770,Audrey Guerrero,http://www.austinisd.org/schools/andrews,Austin ISD,Prekindergarten - Grade 5,100,
8,ANGELA GERUSA LEAL ELEM,"33356 FM 732, San Benito, TX 78586",33356 FM 732,San Benito,TX,78586,(956) 276-5055,Ms Diane Jacquez,Not Found,San Benito CISD,Prekindergarten - Grade 5,90,School Website not available
8,ANITA SCOTT ELEM,"1401 Erby Campbell Blvd, Royse City, TX 75189",1401 Erby Campbell Blvd,Royse City,TX,75189,(972) 636-3300,Teresa Atkins,http://www.rcisd.org/,Royse City ISD,Prekindergarten - Grade 5,100,
8,ANN BROCK ELEM AT OAK GROVE,"12000 Oak Grove Rd, Fort Worth, TX 76028",12000 Oak Grove Rd,Fort Worth,TX,76028,(817) 245-3800,Kimberly A Kimberling,http://brock.burlesonisd.net/,Burleson ISD,Early Education - Grade 5,100,
8,ANN WHITNEY ELEM,"400 S College, Hamilton, TX 76531",400 S College,Hamilton,TX,76531,(254) 386-8166,James Slone,http://www.hamiltonisd.org/,Hamilton ISD,Early Education - Grade 5,100,
8,ANNA MAY DAULTON ELEM,"2607 N Grand Peninsula Dr, Grand Prairie, TX 75054",2607 N Grand Peninsula Dr,Grand Prairie,TX,75054,(817) 299-6640,Mr Derek Gammon,http://daulton.mansfieldisd.org/,Mansfield ISD,Kindergarten - Grade 4,100,
8,ANNE FRANK ELEM,"5201 Celestial Rd, Dallas, TX 75204",5201 Celestial Rd,Dallas,TX,75204,(972) 502-5900,Beverly Mullins Ford,http://www.dallasisd.org/frank,Dallas ISD,Early Education - Grade 5,100,
8,ANNE FRANK INSPIRE ACADEMY,"11216 Bandera Rd, San Antonio, TX 78249",11216 Bandera Rd,San Antonio,TX,78249,(210) 638-5900,April Maas,http://braination.net/,Inspire Academies,Kindergarten - Grade 12,100,
8,ANNE L MAGEE ELEM,"3420 Rogers Rd, Edinburg, TX 78541",3420 Rogers Rd,Edinburg,TX,78541,(956) 289-2306,Ms Armidia Rios,Not Found,Edinburg CISD,Prekindergarten - Grade 5,90,School Website not available
8,ANNE MCCORMICK SULLIVAN ELEM,"17828 Winding Waters Ln, Sugar Land, TX 77479",17828 Winding Waters Ln,Sugar Land,TX,77479,(281) 327-2860,Donna Whisonant,http://www.fortbendisd.com/ase,Fort Bend ISD,Early Education - Grade 5,100,
8,ANNETTA ELEM,"1001 Learner's Ln, Aledo, TX 76008",1001 Learner's Ln,Aledo,TX,76008,(817) 441-8327,Holly Elgin,Not Found,Aledo ISD,Kindergarten - Grade 5,90,School Website not available
8,ANNETTE PERRY ELEM,"1261 S Main St, Mansfield, TX 76063",1261 S Main St,Mansfield,TX,76063,(817) 804-2800,Mr Willie Wimbrey,http://perry.mansfieldisd.org/,Mansfield ISD,Prekindergarten - Grade 4,100,
8,ANNIE PURL ELEM,"1953 Maple St, Georgetown, TX 78626",1953 Maple St,Georgetown,TX,78626,(512) 943-5080,Ms Mindy Choate,http://www.georgetownisd.org/apurl,Georgetown ISD,Early Education - Grade 5,100,
8,ANNIE SIMS ELEM,"1801 E 1st St, Mount Pleasant, TX 75455",1801 E 1st St,Mount Pleasant,TX,75455,(903) 575-2062,Mrs Jeannie Pat Jaggers,http://www.mpisd.net/sims/,Mount Pleasant ISD,Kindergarten - Grade 4,100,
9,ANNIE WEBB BLANTON ELEM,"8915 Greenmound Ave, Dallas, TX 75227",8915 Greenmound Ave,Dallas,TX,75227,(972) 794-1700,Alicia D Iwasko,http://www.dallasisd.org/blanton,Dallas ISD,Early Education - Grade 5,100,
9,ANSON ELEM,"922 Ave M, Anson, TX 79501",922 Ave M,Anson,TX,79501,(325) 823-3361,Amy Mcintire,http://www.ansontigers.com/,Anson ISD,Prekindergarten - Grade 5,100,
9,ANSON JONES ELEM,"1400 Pecan St, Bryan, TX 77803",1400 Pecan St,Bryan,TX,77803,(979) 209-3900,Ms Alma Velez,http://jones.bryanisd.org/,Bryan ISD,Early Education - Grade 4,100,
9,ANSON JONES ELEM,"3901 Meredith Ave, Dallas, TX 75211",3901 Meredith Ave,Dallas,TX,75211,(972) 794-4700,Guillermo R Cortez,http://www.dallasisd.org/jones,Dallas ISD,Early Education - Grade 6,100,
9,ANTHONY ELEM,"610 Sixth St, Anthony, TX 79821",610 Sixth St,Anthony,TX,79821,(915) 886-6510,Dr Christine Althoff,Not Found,Anthony ISD,Early Education - Grade 5,90,School Website not available
9,ANTON SCHOOL,"100 E Ellwood Blvd, Anton, TX 79313",100 E Ellwood Blvd,Anton,TX,79313,(806) 997-5211,Mr Fredrick Tobias Mrs Megan Scroggins,http://antonisd.org/,Anton ISD,Prekindergarten - Grade 12,100,
9,AOY ELEM,"901 S Campbell St, El Paso, TX 79901",901 S Campbell St,El Paso,TX,79901,(915) 236-0175,Mary Arnold,http://aoy.episd.org/,El Paso ISD,Prekindergarten - Grade 5,100,
9,APPLE SPRINGS ELEM,"9120 FM 2501, Apple Springs, TX 75926",9120 FM 2501,Apple Springs,TX,75926,(936) 831-2241,Mr Kevin Plotts,http://www.asisd.com/,Apple Springs ISD,Prekindergarten - Grade 6,100,
9,AQUILLA SCHOOL,"404 N Richards, Aquilla, TX 76622",404 N Richards,Aquilla,TX,76622,(254) 694-3770,Andrew Christian,http://www.aquillaisd.net/,Aquilla ISD,Early Education - Grade 12,100,
9,ARABIC IMMERSION MAGNET SCHOOL,"4001 Stanford St, Houston, TX 77006",4001 Stanford St,Houston,TX,77006,(713) 556-8940,Ms Mahassen Ballouli,http://www.houstonisd.org/,Houston ISD,Prekindergarten - Grade 6,100,
9,ARAPAHO CLASSICAL MAGNET,"1300 Cypress Dr, Richardson, TX 75080",1300 Cypress Dr,Richardson,TX,75080,(469) 593-6400,Ms Kristin Strickland,http://risd.org/,Richardson ISD,Kindergarten - Grade 6,100,
9,ARBOR CREEK ELEM,"701 International Dr, Euless, TX 76039",701 International Dr,Euless,TX,76039,(817) 864-0580,Mrs Shannon Gaunt,Not Found,Hurst-Euless-Bedford ISD,Early Education - Grade 6,90,School Website not available
9,ARCADIA PARK ELEM,"1300 N Justin Ave, Dallas, TX 75211",1300 N Justin Ave,Dallas,TX,75211,(972) 502-5300,Lauren Gisele Greer,http://www.dallasisd.org/arcadiapark,Dallas ISD,Prekindergarten - Grade 6,100,
9,ARCHER CITY ELEM,"602 S Ash St, Archer City, TX 76351",602 S Ash St,Archer City,TX,76351,(940) 574-4506,Amy Husemann,http://www.archercityisd.net/,Archer City ISD,Prekindergarten - Grade 6,100,
9,ARDEN ROAD ELEM,"6801 Learning Tree Ave, Amarillo, TX 79109",6801 Learning Tree Ave,Amarillo,TX,79109,(806) 677-2360,Mr Travis Willard,http://www.canyonisd.net/,Canyon ISD,Kindergarten - Grade 4,100,
10,ARGYLE WEST,"1741 Old Justin Rd, Argyle, TX 76226",1741 Old Justin Rd,Argyle,TX,76226,(940) 246-4007,Mrs Renee Funderburg,http://www.argyleisd.com/,Argyle ISD,Early Education - Grade 4,100,
10,ARISTOI CLASSICAL ACADEMY,"5618 11th St, Katy, TX 77493",5618 11th St,Katy,TX,77493,(281) 391-5003,Mr Terrance Boling,http://www.aristoiclassical.org/,Aristoi Classical Academy,Kindergarten - Grade 4,100,
10,ARISTOI CLASSICAL ACADEMY-CYPRESS,"12332 Perry Rd, Houston, TX 77070",12332 Perry Rd,Houston,TX,77070,(281) 391-5003,Ms Brenda Davidson,Not Found,Aristoi Classical Academy,Kindergarten - Grade 6,90,School Website not available
10,ARIZONA FLEMING ELEM,"14850 Bissonnet St, Houston, TX 77083",14850 Bissonnet St,Houston,TX,77083,(281) 634-4600,She Nee Young,http://www.fortbendisd.com/afe,Fort Bend ISD,Early Education - Grade 5,100,
10,ARLINGTON CLASSICS ACADEMY - ARKANSAS CAMPUS,"2800 W Arkansas Ln, Arlington, TX 76016",2800 W Arkansas Ln,Arlington,TX,76016,(817) 274-2008,Ms Melissa Fambrough,http://www.acaedu.net/,Arlington Classics Academy,Kindergarten - Grade 2,100,
10,ARLINGTON PARK EARLY CHILDHOOD CENTER,"5606 Wayside Dr Box 16, Dallas, TX 75235",5606 Wayside Dr Box 16,Dallas,TX,75235,Phone:,Enrique Escobedo,Not Found,Dallas ISD,Prekindergarten - Prekindergarten,80,"Invalid phone number format, School Website not available"
10,ARLON R SEAY ELEM,"20911 Hwy 46 W, Spring Branch, TX 78070",20911 Hwy 46 W,Spring Branch,TX,78070,(830) 885-8700,Theressa Engel,Not Found,Comal ISD,Kindergarten - Grade 5,90,School Website not available
10,ARLYNE & ALAN WEBER ELEM,"11955 Blackhawk Blvd, Houston, TX 77089",11955 Blackhawk Blvd,Houston,TX,77089,(281) 284-6300,Mrs Jenny Thomas,http://www.ccisd.net/,Clear Creek ISD,Early Education - Grade 5,100,
10,ARMAND BAYOU ELEM,"16000 Hickory Knoll Dr, Houston, TX 77059",16000 Hickory Knoll Dr,Houston,TX,77059,(281) 284-5100,Mrs Elizabeth Pawlowski,http://www.ccisd.net/,Clear Creek ISD,Early Education - Grade 5,100,
10,ARMSTRONG ELEM,"3600 Cornell Ave, Dallas, TX 75205",3600 Cornell Ave,Dallas,TX,75205,(214) 780-3100,Betsy Cummins,Not Found,Highland Park ISD,Kindergarten - Grade 4,90,School Website not available
10,ARMSTRONG ELEM,"110 Gladstell St, Conroe, TX 77301",110 Gladstell St,Conroe,TX,77301,(936) 709-3400,Ms Theresa Waller,http://www.conroeisd.net/,Conroe ISD,Prekindergarten - Grade 4,100,
10,ARNOLD ELEM,"467 Freiling Dr, San Antonio, TX 78213",467 Freiling Dr,San Antonio,TX,78213,(210) 438-6530,Belinda Hernandez,Not Found,San Antonio ISD,Prekindergarten - Grade 5,90,School Website not available
10,ARNOLDO CANTU SR ELEM,"2900 N R Longoria, San Juan, TX 78589",2900 N R Longoria,San Juan,TX,78589,(956) 354-2850,Rafael Gonzalez,http://psjaisd.us/,Pharr-San Juan-Alamo ISD,Prekindergarten - Grade 5,100,
10,ARP ELEM,"16438 County Rd 294, Arp, TX 75750",16438 County Rd 294,Arp,TX,75750,(903) 859-4650,Stephanie Schminkey,http://home.arpisd.org/,Arp ISD,Early Education - Grade 5,100,
10,ARROW ACADEMY - CHAMPIONS ACADEMY,"2700 FM 1960 Rd W, Houston, TX 77068",2700 FM 1960 Rd W,Houston,TX,77068,(832) 446-6762,Darnelle Weatherspoon,http://www.arrowacademy.org/,Arrow Academy,Kindergarten - Grade 6,100,
11,ARROW ACADEMY - HARVEST PREPARATORY ACADEMY,"17770 Imperial Valley Dr, Houston, TX 77060",17770 Imperial Valley Dr,Houston,TX,77060,(832) 446-3138,Ms Alexis Mcmiller,http://www.arrowacademy.org/,Arrow Academy,Kindergarten - Grade 6,100,
11,ARROW ACADEMY - LIBERATION ACADEMY,"11600 W Airport Blvd, Meadows Place, TX 77477",11600 W Airport Blvd,Meadows Place,TX,77477,(346) 754-5867,Sheila Lewis,http://www.arrowacademy.org/,Arrow Academy,Kindergarten - Grade 6,100,
11,ARROW ACADEMY - SAVE OUR STREETS CENTER,"1700 Groesbeck St, Bryan, TX 77803",1700 Groesbeck St,Bryan,TX,77803,(979) 703-1810,Ms Becky Tucker,http://www.arrowacademy.org/,Arrow Academy,Kindergarten - Grade 6,100,
11,ART AND PAT GOFORTH ELEM,"2610 Webster Rd, League City, TX 77573",2610 Webster Rd,League City,TX,77573,(281) 284-6000,Ms Mallory Lee,http://www.ccisd.net/,Clear Creek ISD,Early Education - Grade 5,100,
11,ARTHUR H MCNEIL ELEM,"3650 Hardin Blvd, McKinney, TX 75070",3650 Hardin Blvd,McKinney,TX,75070,(469) 302-5200,Tracy Meador,Not Found,McKinney ISD,Kindergarten - Grade 5,90,School Website not available
11,ARTHUR KRAMER ELEM,"7131 Midbury Dr, Dallas, TX 75230",7131 Midbury Dr,Dallas,TX,75230,(972) 794-8300,Kate Walker,http://www.dallasisd.org/kramer,Dallas ISD,Early Education - Grade 5,100,
11,ARTURO SALAZAR ELEM,"1120 S Ravinia Dr, Dallas, TX 75211",1120 S Ravinia Dr,Dallas,TX,75211,(972) 502-1800,Maria D Castillo,http://www.dallasisd.org/salazar,Dallas ISD,Prekindergarten - Grade 5,100,
11,ASCHER SILBERSTEIN ELEM,"5940 Hollis Ave, Dallas, TX 75227",5940 Hollis Ave,Dallas,TX,75227,(972) 794-1900,Richard F Heffernan,http://www.dallasisd.org/silberstein,Dallas ISD,Prekindergarten - Grade 5,100,
11,ASHBEL SMITH ELEM,"403 E James, Baytown, TX 77520",403 E James,Baytown,TX,77520,(281) 420-4615,Erin Clement,Not Found,Goose Creek CISD,Early Education - Grade 5,90,School Website not available
11,ASHFORD ELEM,"1815 Shannon Vly Dr, Houston, TX 77077",1815 Shannon Vly Dr,Houston,TX,77077,(281) 368-2120,Ms Kylene Vasquez,http://www.houstonisd.org/,Houston ISD,Early Education - Grade 5,100,
11,ASHLEY ELEM,"15601 Christopher Ln, Frisco, TX 75035",15601 Christopher Ln,Frisco,TX,75035,(469) 633-3700,Ms Kimberly Frankson,http://www.friscoisd.org/,Frisco ISD,Kindergarten - Grade 5,100,
11,ASHWORTH ELEM,"6700 Silo Rd, Arlington, TX 76002",6700 Silo Rd,Arlington,TX,76002,(682) 867-4800,Stacey Maddoux,http://www.aisd.net/ashworth-elementary,Arlington ISD,Prekindergarten - Grade 6,100,
11,ASKEW ELEM,"11200 Wood Lodge Dr, Houston, TX 77077",11200 Wood Lodge Dr,Houston,TX,77077,(281) 368-2100,Ms Ebony B Cumby,http://www.houstonisd.org/,Houston ISD,Prekindergarten - Grade 5,100,
11,ASPERMONT ELEM,"528 E Seventh St, Aspermont, TX 79502",528 E Seventh St,Aspermont,TX,79502,(940) 215-5001,Trent Van Meter,Not Found,Aspermont ISD,Prekindergarten - Grade 5,90,School Website not available
11,ATASCOCITA SPRINGS ELEM,"13515 Valley Lodge Pkwy, Humble, TX 77346",13515 Valley Lodge Pkwy,Humble,TX,77346,(281) 641-3600,Cheryl Fennell,http://www.humbleisd.net/ase,Humble ISD,Early Education - Grade 5,100,
12,ATHENS ELEM,"2707 W Gerald Ave, San Antonio, TX 78211",2707 W Gerald Ave,San Antonio,TX,78211,(210) 977-7055,Evelia Montemayor,Not Found,South San Antonio ISD,Prekindergarten - Grade 5,90,School Website not available
12,ATHERTON ELEM,"2011 Solo St, Houston, TX 77020",2011 Solo St,Houston,TX,77020,(713) 671-4100,Ms Alynthia Curtis,http://www.houstonisd.org/,Houston ISD,Prekindergarten - Grade 5,100,
12,ATHERTON ELEM,"2101 Overbrook Dr, Arlington, TX 76014",2101 Overbrook Dr,Arlington,TX,76014,(682) 867-4900,Bianca Gholston,http://www.aisd.net/atherton-elementary,Arlington ISD,Prekindergarten - Grade 6,100,
12,ATKINSON ELEM,"9602 Kingspoint Rd, Houston, TX 77075",9602 Kingspoint Rd,Houston,TX,77075,(713) 740-0520,Mr Christopher Bui,Not Found,Pasadena ISD,Prekindergarten - Grade 4,90,School Website not available
12,ATLANTA PRI,"505 Rabbit Blvd, Atlanta, TX 75551",505 Rabbit Blvd,Atlanta,TX,75551,(903) 796-8115,Misty Williams,http://www.atlisd.net/,Atlanta ISD,Early Education - Grade 2,100,
12,ATWOOD MCDONALD ELEM,"1850 Barron Ln, Fort Worth, TX 76112",1850 Barron Ln,Fort Worth,TX,76112,(817) 496-7445,Ms Khristina Goady,http://www.fortworthisd.org/,Fort Worth ISD,Early Education - Grade 5,100,
